ticker,effective_from,effective_to,source_ref,notes
A,2019-01-02,,wikipedia_sp500_changes retrieved 2026-07-26,
AAL,2019-01-02,2024-09-22,wikipedia_sp500_changes retrieved 2026-07-26,
AAP,2019-01-02,2023-08-24,wikipedia_sp500_changes retrieved 2026-07-26,
AAPL,2019-01-02,,wikipedia_sp500_changes retrieved 2026-07-26,
ABBV,2019-01-02,,wikipedia_sp500_changes retrieved 2026-07-26,
ABMD,2019-01-02,2022-12-21,wikipedia_sp500_changes retrieved 2026-07-26,
ABNB,2023-09-18,,wikipedia_sp500_changes retrieved 2026-07-26,
ABT,2019-01-02,,wikipedia_sp500_changes retrieved 2026-07-26,
ACGL,2022-11-01,,wikipedia_sp500_changes retrieved 2026-07-26,
ACN,2019-01-02,,wikipedia_sp500_changes retrieved 2026-07-26,
ADBE,2019-01-02,,wikipedia_sp500_changes retrieved 2026-07-26,
ADI,2019-01-02,,wikipedia_sp500_changes retrieved 2026-07-26,
ADM,2019-01-02,,wikipedia_sp500_changes retrieved 2026-07-26,
ADP,2019-01-02,,wikipedia_sp500_changes retrieved 2026-07-26,
ADS,2019-01-02,2020-06-21,wikipedia_sp500_changes retrieved 2026-07-26,
ADSK,2019-01-02,,wikipedia_sp500_changes retrieved 2026-07-26,
AEE,2019-01-02,,wikipedia_sp500_changes retrieved 2026-07-26,
AEP,2019-01-02,,wikipedia_sp500_changes retrieved 2026-07-26,
AES,2019-01-02,,wikipedia_sp500_changes retrieved 2026-07-26,
AFL,2019-01-02,,wikipedia_sp500_changes retrieved 2026-07-26,
AGN,2019-01-02,2020-05-11,wikipedia_sp500_changes retrieved 2026-07-26,
AIG,2019-01-02,,wikipedia_sp500_changes retrieved 2026-07-26,
AIV,2019-01-02,2020-12-20,wikipedia_sp500_changes retrieved 2026-07-26,
AIZ,2019-01-02,,wikipedia_sp500_changes retrieved 2026-07-26,
AJG,2019-01-02,,wikipedia_sp500_changes retrieved 2026-07-26,
AKAM,2019-01-02,,wikipedia_sp500_changes retrieved 2026-07-26,
ALB,2019-01-02,,wikipedia_sp500_changes retrieved 2026-07-26,
ALGN,2019-01-02,,wikipedia_sp500_changes retrieved 2026-07-26,
ALK,2019-01-02,2023-12-17,wikipedia_sp500_changes retrieved 2026-07-26,
ALL,2019-01-02,,wikipedia_sp500_changes retrieved 2026-07-26,
ALLE,2019-01-02,,wikipedia_sp500_changes retrieved 2026-07-26,
ALXN,2019-01-02,2021-07-20,wikipedia_sp500_changes retrieved 2026-07-26,
AMAT,2019-01-02,,wikipedia_sp500_changes retrieved 2026-07-26,
AMCR,2019-06-11,,wikipedia_sp500_changes retrieved 2026-07-26,
AMD,2019-01-02,,wikipedia_sp500_changes retrieved 2026-07-26,
AME,2019-01-02,,wikipedia_sp500_changes retrieved 2026-07-26,
AMG,2019-01-02,2019-12-22,wikipedia_sp500_changes retrieved 2026-07-26,
AMGN,2019-01-02,,wikipedia_sp500_changes retrieved 2026-07-26,
AMP,2019-01-02,,wikipedia_sp500_changes retrieved 2026-07-26,
AMT,2019-01-02,,wikipedia_sp500_changes retrieved 2026-07-26,
AMTM,2024-09-30,2024-12-22,wikipedia_sp500_changes retrieved 2026-07-26,
AMZN,2019-01-02,,wikipedia_sp500_changes retrieved 2026-07-26,
ANET,2019-01-02,,wikipedia_sp500_changes retrieved 2026-07-26,
ANSS,2019-01-02,2025-07-17,wikipedia_sp500_changes retrieved 2026-07-26,
AON,2019-01-02,,wikipedia_sp500_changes retrieved 2026-07-26,
AOS,2019-01-02,,wikipedia_sp500_changes retrieved 2026-07-26,
APA,2019-01-02,,wikipedia_sp500_changes retrieved 2026-07-26,
APC,2019-01-02,2019-08-08,wikipedia_sp500_changes retrieved 2026-07-26,
APD,2019-01-02,,wikipedia_sp500_changes retrieved 2026-07-26,
APH,2019-01-02,,wikipedia_sp500_changes retrieved 2026-07-26,
APO,2024-12-23,,wikipedia_sp500_changes retrieved 2026-07-26,
APP,2025-09-22,,wikipedia_sp500_changes retrieved 2026-07-26,
APTV,2019-01-02,,wikipedia_sp500_changes retrieved 2026-07-26,
ARE,2019-01-02,,wikipedia_sp500_changes retrieved 2026-07-26,
ARES,2025-12-11,,wikipedia_sp500_changes retrieved 2026-07-26,
ARNC,2019-01-02,2020-03-31,wikipedia_sp500_changes retrieved 2026-07-26,
ATO,2019-02-15,,wikipedia_sp500_changes retrieved 2026-07-26,
ATVI,2019-01-02,2023-10-17,wikipedia_sp500_changes retrieved 2026-07-26,
AVB,2019-01-02,,wikipedia_sp500_changes retrieved 2026-07-26,
AVGO,2019-01-02,,wikipedia_sp500_changes retrieved 2026-07-26,
AVY,2019-01-02,,wikipedia_sp500_changes retrieved 2026-07-26,
AWK,2019-01-02,,wikipedia_sp500_changes retrieved 2026-07-26,
AXON,2023-05-04,,wikipedia_sp500_changes retrieved 2026-07-26,
AXP,2019-01-02,,wikipedia_sp500_changes retrieved 2026-07-26,
AZO,2019-01-02,,wikipedia_sp500_changes retrieved 2026-07-26,
BA,2019-01-02,,wikipedia_sp500_changes retrieved 2026-07-26,
BAC,2019-01-02,,wikipedia_sp500_changes retrieved 2026-07-26,
BALL,2019-01-02,,wikipedia_sp500_changes retrieved 2026-07-26,
BAX,2019-01-02,,wikipedia_sp500_changes retrieved 2026-07-26,
BBWI,2019-01-02,2024-09-30,wikipedia_sp500_changes retrieved 2026-07-26,
BBY,2019-01-02,,wikipedia_sp500_changes retrieved 2026-07-26,
BDX,2019-01-02,,wikipedia_sp500_changes retrieved 2026-07-26,
BEN,2019-01-02,,wikipedia_sp500_changes retrieved 2026-07-26,
BF.B,2019-01-02,,wikipedia_sp500_changes retrieved 2026-07-26,
BG,2023-03-15,,wikipedia_sp500_changes retrieved 2026-07-26,
BHF,2019-01-02,2019-04-01,wikipedia_sp500_changes retrieved 2026-07-26,
BIIB,2019-01-02,,wikipedia_sp500_changes retrieved 2026-07-26,
BIO,2020-06-22,2024-09-22,wikipedia_sp500_changes retrieved 2026-07-26,
BKNG,2019-01-02,,wikipedia_sp500_changes retrieved 2026-07-26,
BKR,2019-01-02,,wikipedia_sp500_changes retrieved 2026-07-26,
BLDR,2023-12-18,,wikipedia_sp500_changes retrieved 2026-07-26,
BLK,2019-01-02,,wikipedia_sp500_changes retrieved 2026-07-26,
BMS,2019-06-07,2019-06-10,wikipedia_sp500_changes retrieved 2026-07-26,
BMY,2019-01-02,,wikipedia_sp500_changes retrieved 2026-07-26,
BNY,2019-01-02,,wikipedia_sp500_changes retrieved 2026-07-26,
BR,2019-01-02,,wikipedia_sp500_changes retrieved 2026-07-26,
BRK.B,2019-01-02,,wikipedia_sp500_changes retrieved 2026-07-26,
BRO,2021-09-20,,wikipedia_sp500_changes retrieved 2026-07-26,
BSX,2019-01-02,,wikipedia_sp500_changes retrieved 2026-07-26,
BWA,2019-01-02,2025-03-23,wikipedia_sp500_changes retrieved 2026-07-26,
BX,2023-09-18,,wikipedia_sp500_changes retrieved 2026-07-26,
BXP,2019-01-02,,wikipedia_sp500_changes retrieved 2026-07-26,
C,2019-01-02,,wikipedia_sp500_changes retrieved 2026-07-26,
CAG,2019-01-02,2026-06-29,wikipedia_sp500_changes retrieved 2026-07-26,
CAH,2019-01-02,,wikipedia_sp500_changes retrieved 2026-07-26,
CARR,2020-04-03,,wikipedia_sp500_changes retrieved 2026-07-26,
CASY,2026-04-09,,wikipedia_sp500_changes retrieved 2026-07-26,
CAT,2019-01-02,,wikipedia_sp500_changes retrieved 2026-07-26,
CB,2019-01-02,,wikipedia_sp500_changes retrieved 2026-07-26,
CBOE,2019-01-02,,wikipedia_sp500_changes retrieved 2026-07-26,
CBRE,2019-01-02,,wikipedia_sp500_changes retrieved 2026-07-26,
CCI,2019-01-02,,wikipedia_sp500_changes retrieved 2026-07-26,
CCL,2019-01-02,,wikipedia_sp500_changes retrieved 2026-07-26,
CDAY,2021-09-20,2024-01-31,wikipedia_sp500_changes retrieved 2026-07-26,
CDNS,2019-01-02,,wikipedia_sp500_changes retrieved 2026-07-26,
CDW,2019-09-23,,wikipedia_sp500_changes retrieved 2026-07-26,
CE,2019-01-02,2025-03-23,wikipedia_sp500_changes retrieved 2026-07-26,
CEG,2022-02-02,,wikipedia_sp500_changes retrieved 2026-07-26,
CELG,2019-01-02,2019-11-20,wikipedia_sp500_changes retrieved 2026-07-26,
CERN,2019-01-02,2022-06-07,wikipedia_sp500_changes retrieved 2026-07-26,
CF,2019-01-02,,wikipedia_sp500_changes retrieved 2026-07-26,
CFG,2019-01-02,,wikipedia_sp500_changes retrieved 2026-07-26,
CHD,2019-01-02,,wikipedia_sp500_changes retrieved 2026-07-26,
CHRW,2019-01-02,,wikipedia_sp500_changes retrieved 2026-07-26,
CHTR,2019-01-02,,wikipedia_sp500_changes retrieved 2026-07-26,
CI,2019-01-02,,wikipedia_sp500_changes retrieved 2026-07-26,
CIEN,2026-02-09,,wikipedia_sp500_changes retrieved 2026-07-26,
CINF,2019-01-02,,wikipedia_sp500_changes retrieved 2026-07-26,
CL,2019-01-02,,wikipedia_sp500_changes retrieved 2026-07-26,
CLX,2019-01-02,,wikipedia_sp500_changes retrieved 2026-07-26,
CMA,2019-01-02,2024-06-23,wikipedia_sp500_changes retrieved 2026-07-26,
CMCSA,2019-01-02,,wikipedia_sp500_changes retrieved 2026-07-26,
CME,2019-01-02,,wikipedia_sp500_changes retrieved 2026-07-26,
CMG,2019-01-02,,wikipedia_sp500_changes retrieved 2026-07-26,
CMI,2019-01-02,,wikipedia_sp500_changes retrieved 2026-07-26,
CMS,2019-01-02,,wikipedia_sp500_changes retrieved 2026-07-26,
CNC,2019-01-02,,wikipedia_sp500_changes retrieved 2026-07-26,
CNP,2019-01-02,,wikipedia_sp500_changes retrieved 2026-07-26,
COF,2019-01-02,,wikipedia_sp500_changes retrieved 2026-07-26,
COHR,2026-03-23,,wikipedia_sp500_changes retrieved 2026-07-26,
COIN,2025-05-19,,wikipedia_sp500_changes retrieved 2026-07-26,
COO,2019-01-02,,wikipedia_sp500_changes retrieved 2026-07-26,
COP,2019-01-02,,wikipedia_sp500_changes retrieved 2026-07-26,
COR,2019-01-02,,wikipedia_sp500_changes retrieved 2026-07-26,
COST,2019-01-02,,wikipedia_sp500_changes retrieved 2026-07-26,
COTY,2019-01-02,2020-09-20,wikipedia_sp500_changes retrieved 2026-07-26,
CPAY,2024-03-25,,wikipedia_sp500_changes retrieved 2026-07-26,
CPB,2019-01-02,2026-06-21,wikipedia_sp500_changes retrieved 2026-07-26,
CPRI,2019-01-02,2020-05-11,wikipedia_sp500_changes retrieved 2026-07-26,
CPRT,2019-01-02,,wikipedia_sp500_changes retrieved 2026-07-26,
CPT,2022-04-04,,wikipedia_sp500_changes retrieved 2026-07-26,
CRH,2025-12-22,,wikipedia_sp500_changes retrieved 2026-07-26,
CRL,2021-05-14,,wikipedia_sp500_changes retrieved 2026-07-26,
CRM,2019-01-02,,wikipedia_sp500_changes retrieved 2026-07-26,
CRWD,2024-06-24,,wikipedia_sp500_changes retrieved 2026-07-26,
CSCO,2019-01-02,,wikipedia_sp500_changes retrieved 2026-07-26,
CSGP,2022-09-19,,wikipedia_sp500_changes retrieved 2026-07-26,
CSX,2019-01-02,,wikipedia_sp500_changes retrieved 2026-07-26,
CTAS,2019-01-02,,wikipedia_sp500_changes retrieved 2026-07-26,
CTLT,2020-09-21,2024-12-22,wikipedia_sp500_changes retrieved 2026-07-26,
CTRA,2019-01-02,2026-05-06,wikipedia_sp500_changes retrieved 2026-07-26,
CTSH,2019-01-02,,wikipedia_sp500_changes retrieved 2026-07-26,
CTVA,2019-06-03,,wikipedia_sp500_changes retrieved 2026-07-26,
CTXS,2019-01-02,2022-10-02,wikipedia_sp500_changes retrieved 2026-07-26,
CVNA,2025-12-22,,wikipedia_sp500_changes retrieved 2026-07-26,
CVS,2019-01-02,,wikipedia_sp500_changes retrieved 2026-07-26,
CVX,2019-01-02,,wikipedia_sp500_changes retrieved 2026-07-26,
CXO,2019-01-02,2021-01-20,wikipedia_sp500_changes retrieved 2026-07-26,
CZR,2021-03-22,2025-09-21,wikipedia_sp500_changes retrieved 2026-07-26,
D,2019-01-02,,wikipedia_sp500_changes retrieved 2026-07-26,
DAL,2019-01-02,,wikipedia_sp500_changes retrieved 2026-07-26,
DASH,2025-03-24,,wikipedia_sp500_changes retrieved 2026-07-26,
DAY,2024-02-01,2026-02-08,wikipedia_sp500_changes retrieved 2026-07-26,
DD,2019-06-03,,wikipedia_sp500_changes retrieved 2026-07-26,
DDOG,2025-07-09,,wikipedia_sp500_changes retrieved 2026-07-26,
DE,2019-01-02,,wikipedia_sp500_changes retrieved 2026-07-26,
DECK,2024-03-18,,wikipedia_sp500_changes retrieved 2026-07-26,
DELL,2024-09-23,,wikipedia_sp500_changes retrieved 2026-07-26,
DFS,2019-01-02,2025-05-18,wikipedia_sp500_changes retrieved 2026-07-26,
DG,2019-01-02,,wikipedia_sp500_changes retrieved 2026-07-26,
DGX,2019-01-02,,wikipedia_sp500_changes retrieved 2026-07-26,
DHI,2019-01-02,,wikipedia_sp500_changes retrieved 2026-07-26,
DHR,2019-01-02,,wikipedia_sp500_changes retrieved 2026-07-26,
DIS,2019-01-02,,wikipedia_sp500_changes retrieved 2026-07-26,
DISCA,2019-01-02,2022-04-10,wikipedia_sp500_changes retrieved 2026-07-26,
DISCK,2019-01-02,2022-04-10,wikipedia_sp500_changes retrieved 2026-07-26,
DISH,2019-01-02,2023-06-19,wikipedia_sp500_changes retrieved 2026-07-26,
DLR,2019-01-02,,wikipedia_sp500_changes retrieved 2026-07-26,
DLTR,2019-01-02,,wikipedia_sp500_changes retrieved 2026-07-26,
DOC,2019-01-02,,wikipedia_sp500_changes retrieved 2026-07-26,
DOV,2019-01-02,,wikipedia_sp500_changes retrieved 2026-07-26,
DOW,2019-04-02,,wikipedia_sp500_changes retrieved 2026-07-26,
DPZ,2020-05-12,,wikipedia_sp500_changes retrieved 2026-07-26,
DRE,2019-01-02,2022-10-02,wikipedia_sp500_changes retrieved 2026-07-26,
DRI,2019-01-02,,wikipedia_sp500_changes retrieved 2026-07-26,
DTE,2019-01-02,,wikipedia_sp500_changes retrieved 2026-07-26,
DUK,2019-01-02,,wikipedia_sp500_changes retrieved 2026-07-26,
DVA,2019-01-02,,wikipedia_sp500_changes retrieved 2026-07-26,
DVN,2019-01-02,,wikipedia_sp500_changes retrieved 2026-07-26,
DWDP,2019-01-02,2019-06-02,wikipedia_sp500_changes retrieved 2026-07-26,
DXC,2019-01-02,2023-10-02,wikipedia_sp500_changes retrieved 2026-07-26,
DXCM,2020-05-12,,wikipedia_sp500_changes retrieved 2026-07-26,
EA,2019-01-02,,wikipedia_sp500_changes retrieved 2026-07-26,
EBAY,2019-01-02,,wikipedia_sp500_changes retrieved 2026-07-26,
ECHO,2019-01-02,,wikipedia_sp500_changes retrieved 2026-07-26,
ECL,2019-01-02,,wikipedia_sp500_changes retrieved 2026-07-26,
ED,2019-01-02,,wikipedia_sp500_changes retrieved 2026-07-26,
EFX,2019-01-02,,wikipedia_sp500_changes retrieved 2026-07-26,
EG,2023-07-10,,wikipedia_sp500_changes retrieved 2026-07-26,
EIX,2019-01-02,,wikipedia_sp500_changes retrieved 2026-07-26,
EL,2019-01-02,,wikipedia_sp500_changes retrieved 2026-07-26,
ELV,2019-01-02,,wikipedia_sp500_changes retrieved 2026-07-26,
EME,2025-09-22,,wikipedia_sp500_changes retrieved 2026-07-26,
EMN,2019-01-02,2025-11-03,wikipedia_sp500_changes retrieved 2026-07-26,
EMR,2019-01-02,,wikipedia_sp500_changes retrieved 2026-07-26,
ENPH,2021-01-07,2025-09-21,wikipedia_sp500_changes retrieved 2026-07-26,
EOG,2019-01-02,,wikipedia_sp500_changes retrieved 2026-07-26,
EPAM,2021-12-14,2026-06-01,wikipedia_sp500_changes retrieved 2026-07-26,
EQIX,2019-01-02,,wikipedia_sp500_changes retrieved 2026-07-26,
EQR,2019-01-02,,wikipedia_sp500_changes retrieved 2026-07-26,
EQT,2022-10-03,,wikipedia_sp500_changes retrieved 2026-07-26,
ERIE,2024-09-23,,wikipedia_sp500_changes retrieved 2026-07-26,
ES,2019-01-02,,wikipedia_sp500_changes retrieved 2026-07-26,
ESS,2019-01-02,,wikipedia_sp500_changes retrieved 2026-07-26,
ETFC,2019-01-02,2020-10-06,wikipedia_sp500_changes retrieved 2026-07-26,
ETN,2019-01-02,,wikipedia_sp500_changes retrieved 2026-07-26,
ETR,2019-01-02,,wikipedia_sp500_changes retrieved 2026-07-26,
ETSY,2020-09-21,2024-09-22,wikipedia_sp500_changes retrieved 2026-07-26,
EVRG,2019-01-02,,wikipedia_sp500_changes retrieved 2026-07-26,
EW,2019-01-02,,wikipedia_sp500_changes retrieved 2026-07-26,
EXC,2019-01-02,,wikipedia_sp500_changes retrieved 2026-07-26,
EXE,2025-03-24,,wikipedia_sp500_changes retrieved 2026-07-26,
EXPD,2019-01-02,,wikipedia_sp500_changes retrieved 2026-07-26,
EXPE,2019-01-02,,wikipedia_sp500_changes retrieved 2026-07-26,
EXR,2019-01-02,,wikipedia_sp500_changes retrieved 2026-07-26,
F,2019-01-02,,wikipedia_sp500_changes retrieved 2026-07-26,
FANG,2019-01-02,,wikipedia_sp500_changes retrieved 2026-07-26,
FAST,2019-01-02,,wikipedia_sp500_changes retrieved 2026-07-26,
FBHS,2019-01-02,2022-12-18,wikipedia_sp500_changes retrieved 2026-07-26,
FCX,2019-01-02,,wikipedia_sp500_changes retrieved 2026-07-26,
FDS,2021-12-20,,wikipedia_sp500_changes retrieved 2026-07-26,
FDX,2019-01-02,,wikipedia_sp500_changes retrieved 2026-07-26,
FDXF,2026-06-01,,wikipedia_sp500_changes retrieved 2026-07-26,
FE,2019-01-02,,wikipedia_sp500_changes retrieved 2026-07-26,
FFIV,2019-01-02,,wikipedia_sp500_changes retrieved 2026-07-26,
FICO,2023-03-20,,wikipedia_sp500_changes retrieved 2026-07-26,
FIS,2019-01-02,,wikipedia_sp500_changes retrieved 2026-07-26,
FISV,2019-01-02,,wikipedia_sp500_changes retrieved 2026-07-26,
FITB,2019-01-02,,wikipedia_sp500_changes retrieved 2026-07-26,
FIX,2025-12-22,,wikipedia_sp500_changes retrieved 2026-07-26,
FL,2019-01-02,2019-08-08,wikipedia_sp500_changes retrieved 2026-07-26,
FLEX,2026-06-22,,wikipedia_sp500_changes retrieved 2026-07-26,
FLIR,2019-01-02,2021-05-13,wikipedia_sp500_changes retrieved 2026-07-26,
FLR,2019-01-02,2019-06-02,wikipedia_sp500_changes retrieved 2026-07-26,
FLS,2019-01-02,2021-03-21,wikipedia_sp500_changes retrieved 2026-07-26,
FLT,2019-01-02,2024-03-24,wikipedia_sp500_changes retrieved 2026-07-26,
FMC,2019-01-02,2025-03-23,wikipedia_sp500_changes retrieved 2026-07-26,
FOX,2019-03-19,,wikipedia_sp500_changes retrieved 2026-07-26,
FOX,2019-01-02,2019-03-18,wikipedia_sp500_changes retrieved 2026-07-26,
FOXA,2019-03-19,,wikipedia_sp500_changes retrieved 2026-07-26,
FOXA,2019-01-02,2019-03-18,wikipedia_sp500_changes retrieved 2026-07-26,
FRC,2019-01-02,2023-05-03,wikipedia_sp500_changes retrieved 2026-07-26,
FRT,2019-01-02,,wikipedia_sp500_changes retrieved 2026-07-26,
FSLR,2022-12-19,,wikipedia_sp500_changes retrieved 2026-07-26,
FTI,2019-01-02,2021-02-11,wikipedia_sp500_changes retrieved 2026-07-26,
FTNT,2019-01-02,,wikipedia_sp500_changes retrieved 2026-07-26,
FTV,2019-01-02,,wikipedia_sp500_changes retrieved 2026-07-26,
GD,2019-01-02,,wikipedia_sp500_changes retrieved 2026-07-26,
GDDY,2024-06-24,,wikipedia_sp500_changes retrieved 2026-07-26,
GE,2019-01-02,,wikipedia_sp500_changes retrieved 2026-07-26,
GEHC,2023-01-04,,wikipedia_sp500_changes retrieved 2026-07-26,
GEN,2019-01-02,,wikipedia_sp500_changes retrieved 2026-07-26,
GEV,2024-04-02,,wikipedia_sp500_changes retrieved 2026-07-26,
GILD,2019-01-02,,wikipedia_sp500_changes retrieved 2026-07-26,
GIS,2019-01-02,,wikipedia_sp500_changes retrieved 2026-07-26,
GL,2019-01-02,,wikipedia_sp500_changes retrieved 2026-07-26,
GLW,2019-01-02,,wikipedia_sp500_changes retrieved 2026-07-26,
GM,2019-01-02,,wikipedia_sp500_changes retrieved 2026-07-26,
GNRC,2021-03-22,,wikipedia_sp500_changes retrieved 2026-07-26,
GOOG,2019-01-02,,wikipedia_sp500_changes retrieved 2026-07-26,
GOOGL,2019-01-02,,wikipedia_sp500_changes retrieved 2026-07-26,
GPC,2019-01-02,,wikipedia_sp500_changes retrieved 2026-07-26,
GPN,2019-01-02,,wikipedia_sp500_changes retrieved 2026-07-26,
GPS,2019-01-02,2022-02-02,wikipedia_sp500_changes retrieved 2026-07-26,
GRMN,2019-01-02,,wikipedia_sp500_changes retrieved 2026-07-26,
GS,2019-01-02,,wikipedia_sp500_changes retrieved 2026-07-26,
GT,2019-01-02,2019-02-26,wikipedia_sp500_changes retrieved 2026-07-26,
GWW,2019-01-02,,wikipedia_sp500_changes retrieved 2026-07-26,
HAL,2019-01-02,,wikipedia_sp500_changes retrieved 2026-07-26,
HAS,2019-01-02,,wikipedia_sp500_changes retrieved 2026-07-26,
HBAN,2019-01-02,,wikipedia_sp500_changes retrieved 2026-07-26,
HBI,2019-01-02,2021-12-19,wikipedia_sp500_changes retrieved 2026-07-26,
HCA,2019-01-02,,wikipedia_sp500_changes retrieved 2026-07-26,
HD,2019-01-02,,wikipedia_sp500_changes retrieved 2026-07-26,
HES,2019-01-02,2025-07-22,wikipedia_sp500_changes retrieved 2026-07-26,
HFC,2019-01-02,2021-06-03,wikipedia_sp500_changes retrieved 2026-07-26,
HIG,2019-01-02,,wikipedia_sp500_changes retrieved 2026-07-26,
HII,2019-01-02,,wikipedia_sp500_changes retrieved 2026-07-26,
HLT,2019-01-02,,wikipedia_sp500_changes retrieved 2026-07-26,
HOG,2019-01-02,2020-06-21,wikipedia_sp500_changes retrieved 2026-07-26,
HOLX,2019-01-02,2026-04-08,wikipedia_sp500_changes retrieved 2026-07-26,
HON,2019-01-02,,wikipedia_sp500_changes retrieved 2026-07-26,
HONA,2026-06-29,,wikipedia_sp500_changes retrieved 2026-07-26,
HOOD,2025-09-22,,wikipedia_sp500_changes retrieved 2026-07-26,
HP,2019-01-02,2020-05-21,wikipedia_sp500_changes retrieved 2026-07-26,
HPE,2019-01-02,,wikipedia_sp500_changes retrieved 2026-07-26,
HPQ,2019-01-02,,wikipedia_sp500_changes retrieved 2026-07-26,
HRB,2019-01-02,2020-09-20,wikipedia_sp500_changes retrieved 2026-07-26,
HRL,2019-01-02,,wikipedia_sp500_changes retrieved 2026-07-26,
HSIC,2019-01-02,,wikipedia_sp500_changes retrieved 2026-07-26,
HST,2019-01-02,,wikipedia_sp500_changes retrieved 2026-07-26,
HSY,2019-01-02,,wikipedia_sp500_changes retrieved 2026-07-26,
HUBB,2023-10-18,,wikipedia_sp500_changes retrieved 2026-07-26,
HUM,2019-01-02,,wikipedia_sp500_changes retrieved 2026-07-26,
HWM,2020-04-01,,wikipedia_sp500_changes retrieved 2026-07-26,
IBKR,2025-08-28,,wikipedia_sp500_changes retrieved 2026-07-26,
IBM,2019-01-02,,wikipedia_sp500_changes retrieved 2026-07-26,
ICE,2019-01-02,,wikipedia_sp500_changes retrieved 2026-07-26,
IDXX,2019-01-02,,wikipedia_sp500_changes retrieved 2026-07-26,
IEX,2019-08-09,,wikipedia_sp500_changes retrieved 2026-07-26,
IFF,2019-01-02,,wikipedia_sp500_changes retrieved 2026-07-26,
ILMN,2019-01-02,2024-06-23,wikipedia_sp500_changes retrieved 2026-07-26,
INCY,2019-01-02,,wikipedia_sp500_changes retrieved 2026-07-26,
INFO,2019-01-02,2022-03-01,wikipedia_sp500_changes retrieved 2026-07-26,
INTC,2019-01-02,,wikipedia_sp500_changes retrieved 2026-07-26,
INTU,2019-01-02,,wikipedia_sp500_changes retrieved 2026-07-26,
INVH,2022-09-19,,wikipedia_sp500_changes retrieved 2026-07-26,
IP,2019-01-02,,wikipedia_sp500_changes retrieved 2026-07-26,
IPG,2019-01-02,2025-11-27,wikipedia_sp500_changes retrieved 2026-07-26,
IPGP,2019-01-02,2022-06-20,wikipedia_sp500_changes retrieved 2026-07-26,
IQV,2019-01-02,,wikipedia_sp500_changes retrieved 2026-07-26,
IR,2020-03-02,,wikipedia_sp500_changes retrieved 2026-07-26,
IRM,2019-01-02,,wikipedia_sp500_changes retrieved 2026-07-26,
ISRG,2019-01-02,,wikipedia_sp500_changes retrieved 2026-07-26,
IT,2019-01-02,,wikipedia_sp500_changes retrieved 2026-07-26,
ITW,2019-01-02,,wikipedia_sp500_changes retrieved 2026-07-26,
IVZ,2019-01-02,,wikipedia_sp500_changes retrieved 2026-07-26,
J,2019-01-02,,wikipedia_sp500_changes retrieved 2026-07-26,
JBHT,2019-01-02,,wikipedia_sp500_changes retrieved 2026-07-26,
JBL,2023-12-18,,wikipedia_sp500_changes retrieved 2026-07-26,
JCI,2019-01-02,,wikipedia_sp500_changes retrieved 2026-07-26,
JEF,2019-01-02,2019-09-25,wikipedia_sp500_changes retrieved 2026-07-26,
JKHY,2019-01-02,,wikipedia_sp500_changes retrieved 2026-07-26,
JNJ,2019-01-02,,wikipedia_sp500_changes retrieved 2026-07-26,
JNPR,2019-01-02,2025-07-08,wikipedia_sp500_changes retrieved 2026-07-26,
JPM,2019-01-02,,wikipedia_sp500_changes retrieved 2026-07-26,
JWN,2019-01-02,2020-06-21,wikipedia_sp500_changes retrieved 2026-07-26,
K,2019-01-02,2025-12-10,wikipedia_sp500_changes retrieved 2026-07-26,
KDP,2022-06-21,,wikipedia_sp500_changes retrieved 2026-07-26,
KEY,2019-01-02,,wikipedia_sp500_changes retrieved 2026-07-26,
KEYS,2019-01-02,,wikipedia_sp500_changes retrieved 2026-07-26,
KHC,2019-01-02,,wikipedia_sp500_changes retrieved 2026-07-26,
KIM,2019-01-02,,wikipedia_sp500_changes retrieved 2026-07-26,
KKR,2024-06-24,,wikipedia_sp500_changes retrieved 2026-07-26,
KLAC,2019-01-02,,wikipedia_sp500_changes retrieved 2026-07-26,
KMB,2019-01-02,,wikipedia_sp500_changes retrieved 2026-07-26,
KMI,2019-01-02,,wikipedia_sp500_changes retrieved 2026-07-26,
KMX,2019-01-02,2025-10-30,wikipedia_sp500_changes retrieved 2026-07-26,
KO,2019-01-02,,wikipedia_sp500_changes retrieved 2026-07-26,
KR,2019-01-02,,wikipedia_sp500_changes retrieved 2026-07-26,
KSS,2019-01-02,2020-09-20,wikipedia_sp500_changes retrieved 2026-07-26,
KSU,2019-01-02,2021-12-13,wikipedia_sp500_changes retrieved 2026-07-26,
KVUE,2023-08-25,,wikipedia_sp500_changes retrieved 2026-07-26,
L,2019-01-02,,wikipedia_sp500_changes retrieved 2026-07-26,
LDOS,2019-08-09,,wikipedia_sp500_changes retrieved 2026-07-26,
LEG,2019-01-02,2021-12-19,wikipedia_sp500_changes retrieved 2026-07-26,
LEN,2019-01-02,,wikipedia_sp500_changes retrieved 2026-07-26,
LH,2019-01-02,,wikipedia_sp500_changes retrieved 2026-07-26,
LHX,2019-01-02,,wikipedia_sp500_changes retrieved 2026-07-26,
LII,2024-12-23,,wikipedia_sp500_changes retrieved 2026-07-26,
LIN,2019-01-02,,wikipedia_sp500_changes retrieved 2026-07-26,
LITE,2026-03-23,,wikipedia_sp500_changes retrieved 2026-07-26,
LKQ,2019-01-02,2025-12-21,wikipedia_sp500_changes retrieved 2026-07-26,
LLL,2019-01-02,2019-06-30,wikipedia_sp500_changes retrieved 2026-07-26,
LLY,2019-01-02,,wikipedia_sp500_changes retrieved 2026-07-26,
LMT,2019-01-02,,wikipedia_sp500_changes retrieved 2026-07-26,
LNC,2019-01-02,2023-09-17,wikipedia_sp500_changes retrieved 2026-07-26,
LNT,2019-01-02,,wikipedia_sp500_changes retrieved 2026-07-26,
LOW,2019-01-02,,wikipedia_sp500_changes retrieved 2026-07-26,
LRCX,2019-01-02,,wikipedia_sp500_changes retrieved 2026-07-26,
LULU,2023-10-18,,wikipedia_sp500_changes retrieved 2026-07-26,
LUMN,2019-01-02,2023-03-19,wikipedia_sp500_changes retrieved 2026-07-26,
LUV,2019-01-02,,wikipedia_sp500_changes retrieved 2026-07-26,
LVS,2019-10-03,,wikipedia_sp500_changes retrieved 2026-07-26,
LW,2019-01-02,2026-03-22,wikipedia_sp500_changes retrieved 2026-07-26,
LYB,2019-01-02,,wikipedia_sp500_changes retrieved 2026-07-26,
LYV,2019-12-23,,wikipedia_sp500_changes retrieved 2026-07-26,
M,2019-01-02,2020-04-05,wikipedia_sp500_changes retrieved 2026-07-26,
MA,2019-01-02,,wikipedia_sp500_changes retrieved 2026-07-26,
MAA,2019-01-02,,wikipedia_sp500_changes retrieved 2026-07-26,
MAC,2019-01-02,2019-12-22,wikipedia_sp500_changes retrieved 2026-07-26,
MAR,2019-01-02,,wikipedia_sp500_changes retrieved 2026-07-26,
MAS,2019-01-02,,wikipedia_sp500_changes retrieved 2026-07-26,
MAT,2019-01-02,2019-06-06,wikipedia_sp500_changes retrieved 2026-07-26,
MBC,2022-12-15,2022-12-18,wikipedia_sp500_changes retrieved 2026-07-26,
MCD,2019-01-02,,wikipedia_sp500_changes retrieved 2026-07-26,
MCHP,2019-01-02,,wikipedia_sp500_changes retrieved 2026-07-26,
MCK,2019-01-02,,wikipedia_sp500_changes retrieved 2026-07-26,
MCO,2019-01-02,,wikipedia_sp500_changes retrieved 2026-07-26,
MDLZ,2019-01-02,,wikipedia_sp500_changes retrieved 2026-07-26,
MDT,2019-01-02,,wikipedia_sp500_changes retrieved 2026-07-26,
MET,2019-01-02,,wikipedia_sp500_changes retrieved 2026-07-26,
META,2019-01-02,,wikipedia_sp500_changes retrieved 2026-07-26,
MGM,2019-01-02,,wikipedia_sp500_changes retrieved 2026-07-26,
MHK,2019-01-02,2025-12-21,wikipedia_sp500_changes retrieved 2026-07-26,
MKC,2019-01-02,,wikipedia_sp500_changes retrieved 2026-07-26,
MKTX,2019-07-01,2025-09-21,wikipedia_sp500_changes retrieved 2026-07-26,
MLM,2019-01-02,,wikipedia_sp500_changes retrieved 2026-07-26,
MMM,2019-01-02,,wikipedia_sp500_changes retrieved 2026-07-26,
MNST,2019-01-02,,wikipedia_sp500_changes retrieved 2026-07-26,
MO,2019-01-02,,wikipedia_sp500_changes retrieved 2026-07-26,
MOH,2022-03-02,2026-03-22,wikipedia_sp500_changes retrieved 2026-07-26,
MOS,2019-01-02,,wikipedia_sp500_changes retrieved 2026-07-26,
MPC,2019-01-02,,wikipedia_sp500_changes retrieved 2026-07-26,
MPWR,2021-02-12,,wikipedia_sp500_changes retrieved 2026-07-26,
MRK,2019-01-02,,wikipedia_sp500_changes retrieved 2026-07-26,
MRNA,2021-07-21,,wikipedia_sp500_changes retrieved 2026-07-26,
MRO,2019-01-02,2024-11-25,wikipedia_sp500_changes retrieved 2026-07-26,
MRSH,2019-01-02,,wikipedia_sp500_changes retrieved 2026-07-26,
MRVL,2026-06-22,,wikipedia_sp500_changes retrieved 2026-07-26,
MS,2019-01-02,,wikipedia_sp500_changes retrieved 2026-07-26,
MSCI,2019-01-02,,wikipedia_sp500_changes retrieved 2026-07-26,
MSFT,2019-01-02,,wikipedia_sp500_changes retrieved 2026-07-26,
MSI,2019-01-02,,wikipedia_sp500_changes retrieved 2026-07-26,
MTB,2019-01-02,,wikipedia_sp500_changes retrieved 2026-07-26,
MTCH,2021-09-20,2026-03-22,wikipedia_sp500_changes retrieved 2026-07-26,
MTD,2019-01-02,,wikipedia_sp500_changes retrieved 2026-07-26,
MU,2019-01-02,,wikipedia_sp500_changes retrieved 2026-07-26,
MXIM,2019-01-02,2021-08-29,wikipedia_sp500_changes retrieved 2026-07-26,
NBL,2019-01-02,2020-10-11,wikipedia_sp500_changes retrieved 2026-07-26,
NCLH,2019-01-02,,wikipedia_sp500_changes retrieved 2026-07-26,
NDAQ,2019-01-02,,wikipedia_sp500_changes retrieved 2026-07-26,
NDSN,2022-02-15,,wikipedia_sp500_changes retrieved 2026-07-26,
NEE,2019-01-02,,wikipedia_sp500_changes retrieved 2026-07-26,
NEM,2019-01-02,,wikipedia_sp500_changes retrieved 2026-07-26,
NFLX,2019-01-02,,wikipedia_sp500_changes retrieved 2026-07-26,
NFX,2019-01-02,2019-02-14,wikipedia_sp500_changes retrieved 2026-07-26,
NI,2019-01-02,,wikipedia_sp500_changes retrieved 2026-07-26,
NKE,2019-01-02,,wikipedia_sp500_changes retrieved 2026-07-26,
NKTR,2019-01-02,2019-10-02,wikipedia_sp500_changes retrieved 2026-07-26,
NLSN,2019-01-02,2022-10-11,wikipedia_sp500_changes retrieved 2026-07-26,
NOC,2019-01-02,,wikipedia_sp500_changes retrieved 2026-07-26,
NOV,2019-01-02,2021-09-19,wikipedia_sp500_changes retrieved 2026-07-26,
NOW,2019-11-21,,wikipedia_sp500_changes retrieved 2026-07-26,
NRG,2019-01-02,,wikipedia_sp500_changes retrieved 2026-07-26,
NSC,2019-01-02,,wikipedia_sp500_changes retrieved 2026-07-26,
NTAP,2019-01-02,,wikipedia_sp500_changes retrieved 2026-07-26,
NTRS,2019-01-02,,wikipedia_sp500_changes retrieved 2026-07-26,
NUE,2019-01-02,,wikipedia_sp500_changes retrieved 2026-07-26,
NVDA,2019-01-02,,wikipedia_sp500_changes retrieved 2026-07-26,
NVR,2019-09-26,,wikipedia_sp500_changes retrieved 2026-07-26,
NWL,2019-01-02,2023-09-17,wikipedia_sp500_changes retrieved 2026-07-26,
NWS,2019-01-02,,wikipedia_sp500_changes retrieved 2026-07-26,
NWSA,2019-01-02,,wikipedia_sp500_changes retrieved 2026-07-26,
NXPI,2021-03-22,,wikipedia_sp500_changes retrieved 2026-07-26,
O,2019-01-02,,wikipedia_sp500_changes retrieved 2026-07-26,
ODFL,2019-12-09,,wikipedia_sp500_changes retrieved 2026-07-26,
OGN,2021-06-03,2023-10-17,wikipedia_sp500_changes retrieved 2026-07-26,
OKE,2019-01-02,,wikipedia_sp500_changes retrieved 2026-07-26,
OMC,2019-01-02,,wikipedia_sp500_changes retrieved 2026-07-26,
ON,2022-06-21,,wikipedia_sp500_changes retrieved 2026-07-26,
ORCL,2019-01-02,,wikipedia_sp500_changes retrieved 2026-07-26,
ORLY,2019-01-02,,wikipedia_sp500_changes retrieved 2026-07-26,
OTIS,2020-04-03,,wikipedia_sp500_changes retrieved 2026-07-26,
OXY,2019-01-02,,wikipedia_sp500_changes retrieved 2026-07-26,
PANW,2023-06-20,,wikipedia_sp500_changes retrieved 2026-07-26,
PAYC,2020-01-28,2026-03-22,wikipedia_sp500_changes retrieved 2026-07-26,
PAYX,2019-01-02,,wikipedia_sp500_changes retrieved 2026-07-26,
PBCT,2019-01-02,2022-04-03,wikipedia_sp500_changes retrieved 2026-07-26,
PCAR,2019-01-02,,wikipedia_sp500_changes retrieved 2026-07-26,
PCG,2022-10-03,,wikipedia_sp500_changes retrieved 2026-07-26,
PCG,2019-01-02,2019-01-17,wikipedia_sp500_changes retrieved 2026-07-26,
PEG,2019-01-02,,wikipedia_sp500_changes retrieved 2026-07-26,
PENN,2021-03-22,2022-09-18,wikipedia_sp500_changes retrieved 2026-07-26,
PEP,2019-01-02,,wikipedia_sp500_changes retrieved 2026-07-26,
PFE,2019-01-02,,wikipedia_sp500_changes retrieved 2026-07-26,
PFG,2019-01-02,,wikipedia_sp500_changes retrieved 2026-07-26,
PG,2019-01-02,,wikipedia_sp500_changes retrieved 2026-07-26,
PGR,2019-01-02,,wikipedia_sp500_changes retrieved 2026-07-26,
PH,2019-01-02,,wikipedia_sp500_changes retrieved 2026-07-26,
PHM,2019-01-02,,wikipedia_sp500_changes retrieved 2026-07-26,
PKG,2019-01-02,,wikipedia_sp500_changes retrieved 2026-07-26,
PLD,2019-01-02,,wikipedia_sp500_changes retrieved 2026-07-26,
PLTR,2024-09-23,,wikipedia_sp500_changes retrieved 2026-07-26,
PM,2019-01-02,,wikipedia_sp500_changes retrieved 2026-07-26,
PNC,2019-01-02,,wikipedia_sp500_changes retrieved 2026-07-26,
PNR,2019-01-02,,wikipedia_sp500_changes retrieved 2026-07-26,
PNW,2019-01-02,,wikipedia_sp500_changes retrieved 2026-07-26,
PODD,2023-03-15,,wikipedia_sp500_changes retrieved 2026-07-26,
POOL,2020-10-07,2026-06-21,wikipedia_sp500_changes retrieved 2026-07-26,
PPG,2019-01-02,,wikipedia_sp500_changes retrieved 2026-07-26,
PPL,2019-01-02,,wikipedia_sp500_changes retrieved 2026-07-26,
PRGO,2019-01-02,2021-09-19,wikipedia_sp500_changes retrieved 2026-07-26,
PRU,2019-01-02,,wikipedia_sp500_changes retrieved 2026-07-26,
PSA,2019-01-02,,wikipedia_sp500_changes retrieved 2026-07-26,
PSKY,2019-01-02,,wikipedia_sp500_changes retrieved 2026-07-26,
PSX,2019-01-02,,wikipedia_sp500_changes retrieved 2026-07-26,
PTC,2021-04-20,,wikipedia_sp500_changes retrieved 2026-07-26,
PVH,2019-01-02,2022-09-18,wikipedia_sp500_changes retrieved 2026-07-26,
PWR,2019-01-02,,wikipedia_sp500_changes retrieved 2026-07-26,
PXD,2019-01-02,2024-05-07,wikipedia_sp500_changes retrieved 2026-07-26,
PYPL,2019-01-02,,wikipedia_sp500_changes retrieved 2026-07-26,
Q,2025-11-03,,wikipedia_sp500_changes retrieved 2026-07-26,
QCOM,2019-01-02,,wikipedia_sp500_changes retrieved 2026-07-26,
QRVO,2019-01-02,2024-12-22,wikipedia_sp500_changes retrieved 2026-07-26,
RCL,2019-01-02,,wikipedia_sp500_changes retrieved 2026-07-26,
RE,2019-01-02,2023-07-09,wikipedia_sp500_changes retrieved 2026-07-26,
REG,2019-01-02,,wikipedia_sp500_changes retrieved 2026-07-26,
REGN,2019-01-02,,wikipedia_sp500_changes retrieved 2026-07-26,
RF,2019-01-02,,wikipedia_sp500_changes retrieved 2026-07-26,
RHI,2019-01-02,2024-06-23,wikipedia_sp500_changes retrieved 2026-07-26,
RHT,2019-01-02,2019-07-14,wikipedia_sp500_changes retrieved 2026-07-26,
RJF,2019-01-02,,wikipedia_sp500_changes retrieved 2026-07-26,
RL,2019-01-02,,wikipedia_sp500_changes retrieved 2026-07-26,
RMD,2019-01-02,,wikipedia_sp500_changes retrieved 2026-07-26,
ROK,2019-01-02,,wikipedia_sp500_changes retrieved 2026-07-26,
ROL,2019-01-02,,wikipedia_sp500_changes retrieved 2026-07-26,
ROP,2019-01-02,,wikipedia_sp500_changes retrieved 2026-07-26,
ROST,2019-01-02,,wikipedia_sp500_changes retrieved 2026-07-26,
RSG,2019-01-02,,wikipedia_sp500_changes retrieved 2026-07-26,
RTN,2019-01-02,2020-04-05,wikipedia_sp500_changes retrieved 2026-07-26,
RTX,2019-01-02,,wikipedia_sp500_changes retrieved 2026-07-26,
RVTY,2019-01-02,,wikipedia_sp500_changes retrieved 2026-07-26,
SBAC,2019-01-02,,wikipedia_sp500_changes retrieved 2026-07-26,
SBNY,2021-12-20,2023-03-14,wikipedia_sp500_changes retrieved 2026-07-26,
SBUX,2019-01-02,,wikipedia_sp500_changes retrieved 2026-07-26,
SCHW,2019-01-02,,wikipedia_sp500_changes retrieved 2026-07-26,
SEDG,2021-12-20,2023-12-17,wikipedia_sp500_changes retrieved 2026-07-26,
SEE,2019-01-02,2023-12-17,wikipedia_sp500_changes retrieved 2026-07-26,
SHW,2019-01-02,,wikipedia_sp500_changes retrieved 2026-07-26,
SIVB,2019-01-02,2023-03-14,wikipedia_sp500_changes retrieved 2026-07-26,
SJM,2019-01-02,,wikipedia_sp500_changes retrieved 2026-07-26,
SLB,2019-01-02,,wikipedia_sp500_changes retrieved 2026-07-26,
SLG,2019-01-02,2021-03-21,wikipedia_sp500_changes retrieved 2026-07-26,
SMCI,2024-03-18,,wikipedia_sp500_changes retrieved 2026-07-26,
SNA,2019-01-02,,wikipedia_sp500_changes retrieved 2026-07-26,
SNDK,2025-11-28,,wikipedia_sp500_changes retrieved 2026-07-26,
SNPS,2019-01-02,,wikipedia_sp500_changes retrieved 2026-07-26,
SO,2019-01-02,,wikipedia_sp500_changes retrieved 2026-07-26,
SOLS,2025-10-30,2025-12-21,wikipedia_sp500_changes retrieved 2026-07-26,
SOLV,2024-04-01,,wikipedia_sp500_changes retrieved 2026-07-26,
SPG,2019-01-02,,wikipedia_sp500_changes retrieved 2026-07-26,
SPGI,2019-01-02,,wikipedia_sp500_changes retrieved 2026-07-26,
SRE,2019-01-02,,wikipedia_sp500_changes retrieved 2026-07-26,
STE,2019-12-23,,wikipedia_sp500_changes retrieved 2026-07-26,
STI,2019-01-02,2019-12-08,wikipedia_sp500_changes retrieved 2026-07-26,
STLD,2022-12-22,,wikipedia_sp500_changes retrieved 2026-07-26,
STT,2019-01-02,,wikipedia_sp500_changes retrieved 2026-07-26,
STX,2019-01-02,,wikipedia_sp500_changes retrieved 2026-07-26,
STZ,2019-01-02,,wikipedia_sp500_changes retrieved 2026-07-26,
SW,2019-01-02,,wikipedia_sp500_changes retrieved 2026-07-26,
SWK,2019-01-02,,wikipedia_sp500_changes retrieved 2026-07-26,
SWKS,2019-01-02,,wikipedia_sp500_changes retrieved 2026-07-26,
SYF,2019-01-02,,wikipedia_sp500_changes retrieved 2026-07-26,
SYK,2019-01-02,,wikipedia_sp500_changes retrieved 2026-07-26,
SYY,2019-01-02,,wikipedia_sp500_changes retrieved 2026-07-26,
T,2019-01-02,,wikipedia_sp500_changes retrieved 2026-07-26,
TAP,2019-01-02,,wikipedia_sp500_changes retrieved 2026-07-26,
TDG,2019-01-02,,wikipedia_sp500_changes retrieved 2026-07-26,
TDY,2020-06-22,,wikipedia_sp500_changes retrieved 2026-07-26,
TECH,2021-08-30,,wikipedia_sp500_changes retrieved 2026-07-26,
TEL,2019-01-02,,wikipedia_sp500_changes retrieved 2026-07-26,
TER,2020-09-21,,wikipedia_sp500_changes retrieved 2026-07-26,
TFC,2019-01-02,,wikipedia_sp500_changes retrieved 2026-07-26,
TFX,2019-01-18,2025-03-23,wikipedia_sp500_changes retrieved 2026-07-26,
TGT,2019-01-02,,wikipedia_sp500_changes retrieved 2026-07-26,
TIF,2019-01-02,2021-01-06,wikipedia_sp500_changes retrieved 2026-07-26,
TJX,2019-01-02,,wikipedia_sp500_changes retrieved 2026-07-26,
TKO,2025-03-24,,wikipedia_sp500_changes retrieved 2026-07-26,
TMO,2019-01-02,,wikipedia_sp500_changes retrieved 2026-07-26,
TMUS,2019-07-15,,wikipedia_sp500_changes retrieved 2026-07-26,
TPL,2024-11-26,,wikipedia_sp500_changes retrieved 2026-07-26,
TPR,2019-01-02,,wikipedia_sp500_changes retrieved 2026-07-26,
TRGP,2022-10-12,,wikipedia_sp500_changes retrieved 2026-07-26,
TRIP,2019-01-02,2019-12-22,wikipedia_sp500_changes retrieved 2026-07-26,
TRMB,2021-01-21,,wikipedia_sp500_changes retrieved 2026-07-26,
TROW,2019-01-02,,wikipedia_sp500_changes retrieved 2026-07-26,
TRV,2019-01-02,,wikipedia_sp500_changes retrieved 2026-07-26,
TSCO,2019-01-02,,wikipedia_sp500_changes retrieved 2026-07-26,
TSLA,2020-12-21,,wikipedia_sp500_changes retrieved 2026-07-26,
TSN,2019-01-02,,wikipedia_sp500_changes retrieved 2026-07-26,
TSS,2019-01-02,2019-09-22,wikipedia_sp500_changes retrieved 2026-07-26,
TT,2019-01-02,,wikipedia_sp500_changes retrieved 2026-07-26,
TTD,2025-07-18,,wikipedia_sp500_changes retrieved 2026-07-26,
TTWO,2019-01-02,,wikipedia_sp500_changes retrieved 2026-07-26,
TWTR,2019-01-02,2022-10-31,wikipedia_sp500_changes retrieved 2026-07-26,
TXN,2019-01-02,,wikipedia_sp500_changes retrieved 2026-07-26,
TXT,2019-01-02,,wikipedia_sp500_changes retrieved 2026-07-26,
TYL,2020-06-22,,wikipedia_sp500_changes retrieved 2026-07-26,
UA,2019-01-02,2022-06-20,wikipedia_sp500_changes retrieved 2026-07-26,
UAA,2019-01-02,2022-06-20,wikipedia_sp500_changes retrieved 2026-07-26,
UAL,2019-01-02,,wikipedia_sp500_changes retrieved 2026-07-26,
UBER,2023-12-18,,wikipedia_sp500_changes retrieved 2026-07-26,
UDR,2019-01-02,,wikipedia_sp500_changes retrieved 2026-07-26,
UHS,2019-01-02,,wikipedia_sp500_changes retrieved 2026-07-26,
ULTA,2019-01-02,,wikipedia_sp500_changes retrieved 2026-07-26,
UNH,2019-01-02,,wikipedia_sp500_changes retrieved 2026-07-26,
UNM,2019-01-02,2021-09-19,wikipedia_sp500_changes retrieved 2026-07-26,
UNP,2019-01-02,,wikipedia_sp500_changes retrieved 2026-07-26,
UPS,2019-01-02,,wikipedia_sp500_changes retrieved 2026-07-26,
URI,2019-01-02,,wikipedia_sp500_changes retrieved 2026-07-26,
USB,2019-01-02,,wikipedia_sp500_changes retrieved 2026-07-26,
V,2019-01-02,,wikipedia_sp500_changes retrieved 2026-07-26,
VAR,2019-01-02,2021-04-19,wikipedia_sp500_changes retrieved 2026-07-26,
VEEV,2026-05-07,,wikipedia_sp500_changes retrieved 2026-07-26,
VFC,2019-01-02,2024-04-02,wikipedia_sp500_changes retrieved 2026-07-26,
VIAB,2019-01-02,2019-12-04,wikipedia_sp500_changes retrieved 2026-07-26,
VICI,2022-06-08,,wikipedia_sp500_changes retrieved 2026-07-26,
VLO,2019-01-02,,wikipedia_sp500_changes retrieved 2026-07-26,
VLTO,2023-10-02,,wikipedia_sp500_changes retrieved 2026-07-26,
VMC,2019-01-02,,wikipedia_sp500_changes retrieved 2026-07-26,
VNO,2019-01-02,2023-01-04,wikipedia_sp500_changes retrieved 2026-07-26,
VNT,2020-10-09,2021-03-21,wikipedia_sp500_changes retrieved 2026-07-26,
VRSK,2019-01-02,,wikipedia_sp500_changes retrieved 2026-07-26,
VRSN,2019-01-02,,wikipedia_sp500_changes retrieved 2026-07-26,
VRT,2026-03-23,,wikipedia_sp500_changes retrieved 2026-07-26,
VRTX,2019-01-02,,wikipedia_sp500_changes retrieved 2026-07-26,
VST,2024-05-08,,wikipedia_sp500_changes retrieved 2026-07-26,
VTR,2019-01-02,,wikipedia_sp500_changes retrieved 2026-07-26,
VTRS,2019-01-02,,wikipedia_sp500_changes retrieved 2026-07-26,
VZ,2019-01-02,,wikipedia_sp500_changes retrieved 2026-07-26,
WAB,2019-02-27,,wikipedia_sp500_changes retrieved 2026-07-26,
WAT,2019-01-02,,wikipedia_sp500_changes retrieved 2026-07-26,
WBA,2019-01-02,2025-08-27,wikipedia_sp500_changes retrieved 2026-07-26,
WBD,2022-04-11,,wikipedia_sp500_changes retrieved 2026-07-26,
WCG,2019-01-02,2020-01-27,wikipedia_sp500_changes retrieved 2026-07-26,
WDAY,2024-12-23,,wikipedia_sp500_changes retrieved 2026-07-26,
WDC,2019-01-02,,wikipedia_sp500_changes retrieved 2026-07-26,
WEC,2019-01-02,,wikipedia_sp500_changes retrieved 2026-07-26,
WELL,2019-01-02,,wikipedia_sp500_changes retrieved 2026-07-26,
WFC,2019-01-02,,wikipedia_sp500_changes retrieved 2026-07-26,
WHR,2019-01-02,2024-03-17,wikipedia_sp500_changes retrieved 2026-07-26,
WLTW,2019-01-02,2022-01-09,wikipedia_sp500_changes retrieved 2026-07-26,
WM,2019-01-02,,wikipedia_sp500_changes retrieved 2026-07-26,
WMB,2019-01-02,,wikipedia_sp500_changes retrieved 2026-07-26,
WMT,2019-01-02,,wikipedia_sp500_changes retrieved 2026-07-26,
WRB,2019-12-05,,wikipedia_sp500_changes retrieved 2026-07-26,
WSM,2025-03-24,,wikipedia_sp500_changes retrieved 2026-07-26,
WST,2020-05-22,,wikipedia_sp500_changes retrieved 2026-07-26,
WTW,2022-01-10,,wikipedia_sp500_changes retrieved 2026-07-26,
WU,2019-01-02,2021-12-19,wikipedia_sp500_changes retrieved 2026-07-26,
WY,2019-01-02,,wikipedia_sp500_changes retrieved 2026-07-26,
WYNN,2019-01-02,,wikipedia_sp500_changes retrieved 2026-07-26,
XEC,2019-01-02,2020-03-01,wikipedia_sp500_changes retrieved 2026-07-26,
XEL,2019-01-02,,wikipedia_sp500_changes retrieved 2026-07-26,
XLNX,2019-01-02,2022-02-14,wikipedia_sp500_changes retrieved 2026-07-26,
XOM,2019-01-02,,wikipedia_sp500_changes retrieved 2026-07-26,
XRAY,2019-01-02,2024-04-02,wikipedia_sp500_changes retrieved 2026-07-26,
XRX,2019-01-02,2021-03-21,wikipedia_sp500_changes retrieved 2026-07-26,
XYL,2019-01-02,,wikipedia_sp500_changes retrieved 2026-07-26,
XYZ,2025-07-23,,wikipedia_sp500_changes retrieved 2026-07-26,
YUM,2019-01-02,,wikipedia_sp500_changes retrieved 2026-07-26,
ZBH,2019-01-02,,wikipedia_sp500_changes retrieved 2026-07-26,
ZBRA,2019-12-23,,wikipedia_sp500_changes retrieved 2026-07-26,
ZION,2019-01-02,2024-03-17,wikipedia_sp500_changes retrieved 2026-07-26,
ZTS,2019-01-02,,wikipedia_sp500_changes retrieved 2026-07-26,
